
<system inter_gene_max_space="5" min_mandatory_genes_required="2" min_genes_required="3">

#Present in different CRISPR-Cas systems
<gene name="Cas1_0_I-II-III" presence="accessory"   system_ref="CAS"/>
<gene name="Cas1_0_I-II-III-V" presence="accessory"   system_ref="CAS"/>
<gene name="Cas2_0_I-II-III" presence="accessory"   system_ref="CAS"/>
<gene name="Cas2_0_I-II-III-V" presence="accessory"  system_ref="CAS"/>

<gene name="Cas6_0_I-III" presence="accessory"  system_ref="CAS"/>
<gene name="Cas4_0_I-II" presence="accessory"  system_ref="CAS"/>
<gene name="Cas4_0_I-II-V" presence="accessory"  system_ref="CAS"/>

#Specific to Type I
<gene name="Cas5_0_I" presence="mandatory"/>
<gene name="Cas3_0_I" presence="mandatory"/>
<gene name="Cas3_1_I" presence="mandatory"/>
<gene name="Cas7_0_I" presence="mandatory"/>

<gene name="Cas5_0_IA" presence="mandatory"/>
<gene name="Cas4_0_IA" presence="mandatory"/>
<gene name="Cas7_0_IA" presence="mandatory"/>
<gene name="Csa5_0_IA" presence="mandatory"/>
<gene name="CsaX_0_IA" presence="mandatory"/>

<gene name="Cas1_0_IA" presence="mandatory"/>
<gene name="Cas8a1_0_IA" presence="mandatory"/>
<gene name="Cas8a1_1_IA" presence="mandatory"/>
<gene name="Cas6_0_IA" presence="mandatory"/>

<gene name="Cas5_0_IB" presence="mandatory"/>
<gene name="Cas8a1_0_IB" presence="mandatory"/>
<gene name="Cas7_1_IB" presence="mandatory"/>
<gene name="Cas5_1_IB" presence="mandatory"/>
<gene name="Cas8b_0_IB" presence="mandatory"/>
<gene name="Cas7_2_IB" presence="mandatory"/>
<gene name="Cas8a1_1_IB" presence="mandatory" />
<gene name="Cas8a1_2_IB" presence="mandatory"/>
<gene name="Cas7_3_IB" presence="mandatory"/>

<gene name="Cas1_0_IC" presence="mandatory"/>
<gene name="Cas5_0_IC" presence="mandatory"/>
<gene name="Cas8c_0_IC" presence="mandatory"/>
<gene name="Cas7_0_IC" presence="mandatory" />
<gene name="Cas5_1_IC" presence="mandatory"/>
<gene name="Cas7_1_IC" presence="mandatory"/>
<gene name="Cas8c_1_IC" presence="mandatory"/>

<gene name="Cas3_0_ID" presence="mandatory"/>
<gene name="Csc1_0_ID" presence="mandatory"/>
<gene name="Csc2_0_ID" presence="mandatory" />
<gene name="Cas10d_0_ID" presence="mandatory"/>

<gene name="Cas1_0_IE" presence="mandatory"/>
<gene name="Cas2_0_IE" presence="mandatory"/>
<gene name="Cas5_0_IE" presence="mandatory"/>
<gene name="Cse1_0_IE" presence="mandatory"/>
<gene name="Cse2_0_IE" presence="mandatory"/>
<gene name="Cas6_0_IE" presence="mandatory"/>
<gene name="Cas7_0_IE" presence="mandatory"/>

<gene name="Cas1_0_IF" presence="mandatory"/>
<gene name="Cas3-Cas2_0_IF" presence="mandatory"/>
<gene name="Csy1_0_IF" presence="mandatory"/>
<gene name="Csy2_0_IF" presence="mandatory"/>
<gene name="Csy3_0_IF" presence="mandatory"/>
<gene name="Cas6_0_IF" presence="mandatory"/>

<gene name="Cas3_0_IU" presence="mandatory"/>
<gene name="Csb1_0_IU" presence="mandatory"/>
<gene name="Csb2_0_IU" presence="mandatory"/>
<gene name="Csb3_0_IU" presence="mandatory"/>
<gene name="Csx17_0_IU" presence="mandatory"/>

#Distinguishing from other types
<gene name="Cas9_0_II" presence="forbidden"  system_ref="CAS-TypeII"/>
<gene name="Cas9_0_IIB" presence="forbidden"  system_ref="CAS-TypeII"/>
<gene name="Cas10_0_IIIA" presence="forbidden"  system_ref="CAS-TypeIII"/>
<gene name="Cas10_0_IIIB" presence="forbidden"  system_ref="CAS-TypeIII"/>

<gene name="Csm3_0_IIIA" presence="accessory" system_ref="CAS-TypeIII"/>
<gene name="Csm3_0_IIIAD" presence="accessory" system_ref="CAS-TypeIII"/>
<gene name="Csm3_0_IIID" presence="accessory" system_ref="CAS-TypeIII"/>
<gene name="Csm3_1_IIID" presence="accessory" system_ref="CAS-TypeIII"/>

</system>
