<system inter_gene_max_space="5" min_mandatory_genes_required="1" min_genes_required="1">


#Specific to Type VI
<gene name="Cas13a_0_VIA" presence="mandatory" loner="1"/>
<gene name="Cas13b_0_VIB1" presence="mandatory" loner="1"/>
<gene name="Cas13b_1_VIB2" presence="mandatory" loner="1"/>
<gene name="Cas13c_0_VIC" presence="mandatory" loner="1"/>

#Present in other CRISPR-Cas system
<gene name="Cas2_0_I-II-III" presence="accessory"   system_ref="CAS"/>
<gene name="Cas2_0_I-II-III-V" presence="accessory"  system_ref="CAS"/>
<gene name="Cas1_0_I-II-III-V" presence="accessory"   system_ref="CAS"/>
<gene name="Cas1_0_I-II-III" presence="accessory"   system_ref="CAS"/>


</system>
