<system inter_gene_max_space="5" min_mandatory_genes_required="1" min_genes_required="1">

#Present in other CRISPR-Cas system
<gene name="Cas2_0_I-II-III" presence="accessory"   system_ref="CAS"/>
<gene name="Cas2_0_I-II-III-V" presence="accessory"  system_ref="CAS"/>
<gene name="Cas1_0_I-II-III-V" presence="accessory"   system_ref="CAS"/>
<gene name="Cas1_0_I-II-III" presence="accessory"   system_ref="CAS"/>

#Specific to Type IV
<gene name="Cas1_0_V" presence="accessory"/>
<gene name="Cas4_0_V" presence="mandatory" loner="1"/>
<gene name="Cas4_0_I-II-V" presence="accessory"/>
<gene name="Cas12a_0_VA" presence="mandatory" loner="1"/>
<gene name="Cas12a_1_VA" presence="mandatory" loner="1"/>

<gene name="Cas12b_0_VB" presence="mandatory" loner="1"/>
<gene name="Cas12c_0_VC" presence="mandatory" loner="1"/>



#Distinguishing from other Types
<gene name="Cas3_0_I" presence="forbidden"   system_ref="CAS-TypeI"/>
<gene name="Cas3_1_I" presence="forbidden"  system_ref="CAS-TypeI"/>
<gene name="Cas9_0_II" presence="forbidden"  system_ref="CAS-TypeII"/>
<gene name="Cas9_0_IIB" presence="forbidden"  system_ref="CAS-TypeII"/>
<gene name="Cas10_0_IIIA" presence="forbidden"  system_ref="CAS-TypeIII"/>
<gene name="Cas10_0_IIIB" presence="forbidden"  system_ref="CAS-TypeIII"/>

</system>
