<system inter_gene_max_space="5" min_mandatory_genes_required="2" min_genes_required="3">

<gene name="Cas1_0_I-II-III" presence="mandatory"/>
<gene name="Cas1_0_I-II-III-V" presence="mandatory"/>
<gene name="Cas2_0_I-II-III" presence="mandatory"/>
<gene name="Cas2_0_I-II-III-V" presence="mandatory"/>

<gene name="Cas6_0_I-III" presence="mandatory"/>
<gene name="Cas4_0_I-II" presence="mandatory"/>
<gene name="Cas4_0_I-II-V" presence="mandatory"/>

<gene name="Cas1_0_IA" presence="accessory" system_ref="CAS-TypeI"/>
<gene name="Cas1_0_IC" presence="accessory" system_ref="CAS-TypeI"/>
<gene name="Cas1_0_IE" presence="accessory" system_ref="CAS-TypeI"/>
<gene name="Cas1_0_IF" presence="accessory" system_ref="CAS-TypeI"/>


<gene name="Cas3_1_I" presence="accessory" system_ref="CAS-TypeI"/>
<gene name="Cas3_0_I" presence="accessory" system_ref="CAS-TypeI"/>
<gene name="Csm3_0_IIIAD" presence="accessory" system_ref="CAS-TypeIII"/>


</system>
