<system inter_gene_max_space="5" min_mandatory_genes_required="2" min_genes_required="3">

#Present in Type I
<gene name="Cas3_0_I" presence="accessory"  system_ref="CAS"/>

#Specific to Type IF
<gene name="Cas1_0_IF" presence="mandatory"/>
<gene name="Cas3-Cas2_0_IF" presence="mandatory"/>
<gene name="Csy1_0_IF" presence="mandatory"/>
<gene name="Csy2_0_IF" presence="mandatory"/>
<gene name="Csy3_0_IF" presence="mandatory"/>
<gene name="Cas6_0_IF" presence="mandatory"/>

#Distinguishing Type IF from other Type I
<gene name="Cas1_0_I-II-III" presence="accessory"  system_ref="CAS"/>
<gene name="Cas2_0_I-II-III" presence="accessory"  system_ref="CAS"/>
<gene name="Cas6_0_I-III" presence="accessory"  system_ref="CAS"/>
<gene name="Cas4_0_I-II" presence="accessory"  system_ref="CAS"/>
<gene name="Cas5_0_I" presence="forbidden"  system_ref="CAS"/>
<gene name="Cas3_1_I" presence="accessory"  system_ref="CAS"/>


</system>
